"idFoto","urlFoto","desFoto","idAutor","idAlbum"
"1","https://picsum.photos/id/0/5000/3333","Escritorio con portatil y cafe","Alejandro Escamilla","Objetos de la oficina"
"2","https://picsum.photos/id/1/5000/3333","Trabajando con portatil y cafe","Alejandro Escamilla","Objetos de la oficina"
"3","https://picsum.photos/id/2/5000/3333","Trabajando con portatil y cafe","Alejandro Escamilla","Objetos de la oficina"
"4","https://picsum.photos/id/3/5000/3333","Trabajando con movil portatil","Alejandro Escamilla","Objetos de la oficina"
"5","https://picsum.photos/id/4/5000/3333","Anotando en agenda y portatil","Alejandro Escamilla","Objetos de la oficina"
"6","https://picsum.photos/id/5/5000/3334","Trabajando con portatil","Alejandro Escamilla","Objetos de la oficina"
"7","https://picsum.photos/id/6/5000/3333","Escritorio con portatil derec","Alejandro Escamilla","Objetos de la oficina"
"8","https://picsum.photos/id/7/4728/3168","Reunion de trabajo","Alejandro Escamilla","Objetos de la oficina"
"9","https://picsum.photos/id/8/5000/3333","Escritorio portatil y cafe cen","Alejandro Escamilla","Objetos de la oficina"
"10","https://picsum.photos/id/9/5000/3269","Escritorio portatil y agua cen","Alejandro Escamilla","Objetos de la oficina"
"11","https://picsum.photos/id/22/4434/3729","Hombre caminando en carretera","Alejandro Escamilla","Personas posando en la foto"
"12","https://picsum.photos/id/23/3887/4899","Tres tenedores","Alejandro Escamilla","Objetos comunes"
"13","https://picsum.photos/id/24/4855/1803","Libro abierto","Alejandro Escamilla","Objetos comunes"
"14","https://picsum.photos/id/25/5000/3333","Arbol a contraluz","Alejandro Escamilla","Paisajes naturales"
"15","https://picsum.photos/id/33/5000/3333","Flores en la hierba","Alejandro Escamilla","Paisajes naturales"
"16","https://picsum.photos/id/10/2500/1667","Copas de arboles con fondo az","Paul Jarvis","Paisajes naturales"
"17","https://picsum.photos/id/11/2500/1667","Rio junto al bosque","Paul Jarvis","Paisajes naturales"
"18","https://picsum.photos/id/12/2500/1667","Rocas en la playa","Paul Jarvis","Paisajes naturales"
"19","https://picsum.photos/id/13/2500/1667","Costa pedregosa","Paul Jarvis","Paisajes naturales"
"20","https://picsum.photos/id/14/2500/1667","Costa pedregosa","Paul Jarvis","Paisajes naturales"
"21","https://picsum.photos/id/15/2500/1667","Cascada","Paul Jarvis","Paisajes naturales"
"22","https://picsum.photos/id/16/2500/1667","Costa pedregosa","Paul Jarvis","Paisajes naturales"
"23","https://picsum.photos/id/17/2500/1667","Sendero entre arboles","Paul Jarvis","Paisajes naturales"
"24","https://picsum.photos/id/18/2500/1667","Hierba alta","Paul Jarvis","Paisajes naturales"
"25","https://picsum.photos/id/19/2500/1667","Arbol con musgo","Paul Jarvis","Paisajes naturales"
"26","https://picsum.photos/id/28/4928/3264","Rio entre arboles","Jerry Adney","Paisajes naturales"
"27","https://picsum.photos/id/29/4000/2670","Monta√±as nevadas","Go Wild","Paisajes naturales"
"28","https://picsum.photos/id/60/1920/1200","Setup oficina","Vadim Sherbakov","Objetos de la oficina"
"29","https://picsum.photos/id/26/4209/2769","Equipamiento del dia","Vadim Sherbakov","Objetos comunes"
"30","https://picsum.photos/id/36/4179/2790","Desmontaje camara canon","Vadim Sherbakov","Objetos comunes"
"31","https://picsum.photos/id/30/1280/901","Taza en primer plano","Shyamanta Baruah","Objetos comunes"
"32","https://picsum.photos/id/27/3264/1836","Pescador pescando","Yoni Kaplan-Nadel","Personas posando en la foto"
"33","https://picsum.photos/id/31/3264/4912","Pies estirados b/n","How-Soon Ngu","Personas posando en la foto"
"34","https://picsum.photos/id/64/4326/2884","Mujer con flores","Alexander Shustov","Personas posando en la foto"
"35","https://picsum.photos/id/65/4912/3264","Mujer al atardecer","Alexander Shustov","Personas posando en la foto"
